,unfreeze_top_num_layers,dropout_rate,learning_rate,training_loss,validation_loss,training_accuracy,validation_accuracy,best_epoch,best_val_accuracy,test_loss,test_acc
0,0,0.0,0.001,"[0.4369688034057617, 0.21388471126556396, 0.10817841440439224, 0.11623872071504593, 0.06059601157903671, 0.060968685895204544, 0.03946453332901001, 0.06970174610614777, 0.09543044865131378, 0.048556990921497345]","[0.6992150545120239, 1.5167315006256104, 1.803777813911438, 1.480272889137268, 2.0897111892700195, 1.7593309879302979, 2.0936031341552734, 1.1895984411239624, 0.9286015629768372, 0.8016631007194519]","[0.8129251599311829, 0.9047619104385376, 0.9659863710403442, 0.9523809552192688, 0.9829931855201721, 0.9795918464660645, 0.9829931855201721, 0.9659863710403442, 0.9693877696990967, 0.9795918464660645]","[0.8095238208770752, 0.8095238208770752, 0.8095238208770752, 0.8095238208770752, 0.8095238208770752, 0.8214285969734192, 0.8095238208770752, 0.8809523582458496, 0.9047619104385376, 0.8690476417541504]",8,0.9047619104385376,0.5914327502250671,0.9285714030265808
1,10,0.0,0.001,"[0.17441506683826447, 0.06992899626493454, 0.03133084252476692, 0.013295389711856842, 0.020455239340662956, 0.10845527797937393, 0.05836350470781326, 0.043740224093198776, 0.05122411251068115, 0.01738036796450615]","[0.5846322178840637, 0.6985499262809753, 0.9143293499946594, 0.9618517756462097, 0.7007764577865601, 2.6653547286987305, 0.8505010008811951, 0.9366073608398438, 0.8687083721160889, 1.3030508756637573]","[0.9115646481513977, 0.976190447807312, 0.9931972622871399, 1.0, 0.9931972622871399, 0.9727891087532043, 0.9795918464660645, 0.9863945841789246, 0.9829931855201721, 0.9965986609458923]","[0.8928571343421936, 0.8928571343421936, 0.8690476417541504, 0.9047619104385376, 0.9166666865348816, 0.5833333134651184, 0.7976190447807312, 0.738095223903656, 0.8333333134651184, 0.8809523582458496]",4,0.9166666865348816,0.7786332368850708,0.9285714030265808
2,20,0.0,0.001,"[0.17011377215385437, 0.013619787991046906, 0.06022482365369797, 0.09554525464773178, 0.025854431092739105, 0.007790952455252409, 0.0035528414882719517, 0.0031719121616333723, 0.004159537144005299, 0.003519021440297365]","[0.8815039396286011, 0.9870785474777222, 0.8774283528327942, 0.4373469650745392, 0.5168508291244507, 0.7438406944274902, 0.7672786712646484, 0.7808629274368286, 0.5626648664474487, 0.6386479139328003]","[0.884353756904602, 0.9965986609458923, 0.9863945841789246, 0.976190447807312, 0.9897959232330322, 1.0, 1.0, 1.0, 1.0, 1.0]","[0.8690476417541504, 0.8809523582458496, 0.726190447807312, 0.8690476417541504, 0.9166666865348816, 0.9047619104385376, 0.8928571343421936, 0.8690476417541504, 0.9047619104385376, 0.9285714030265808]",9,0.9285714030265808,0.5192353129386902,0.9047619104385376
3,40,0.0,0.001,"[0.09687774628400803, 0.05402330309152603, 0.007882843725383282, 0.025178546085953712, 0.014063147827982903, 0.005938900168985128, 0.0018404131988063455, 0.015405124984681606, 0.03416631370782852, 0.048010990023612976]","[0.344353049993515, 0.5332289338111877, 0.3610038161277771, 0.8127447962760925, 0.8577361106872559, 0.699035108089447, 0.5721269845962524, 0.3829866647720337, 0.7469383478164673, 0.890641450881958]","[0.9829931855201721, 0.9863945841789246, 1.0, 0.9863945841789246, 0.9931972622871399, 1.0, 1.0, 0.9965986609458923, 0.9931972622871399, 0.9795918464660645]","[0.9166666865348816, 0.8809523582458496, 0.9523809552192688, 0.8690476417541504, 0.8690476417541504, 0.8690476417541504, 0.8690476417541504, 0.9047619104385376, 0.9166666865348816, 0.9047619104385376]",2,0.9523809552192688,1.0797618627548218,0.9047619104385376
4,0,0.0,0.01,"[0.5725131034851074, 0.5092678070068359, 0.3392872214317322, 0.30730780959129333, 0.4145188331604004, 0.37561532855033875, 0.4382055401802063, 0.39258041977882385, 0.3670794665813446, 0.3157117962837219]","[84182.1875, 142981.171875, 683969.1875, 400031.65625, 9476.001953125, 4888.6259765625, 9153.857421875, 128795.3203125, 17674.9921875, 2045.7940673828125]","[0.7789115905761719, 0.8299319744110107, 0.8605442047119141, 0.8775510191917419, 0.8231292366981506, 0.8503401279449463, 0.8367347121238708, 0.8231292366981506, 0.8299319744110107, 0.8741496801376343]","[0.190476194024086, 0.8095238208770752, 0.190476194024086, 0.190476194024086, 0.190476194024086, 0.8095238208770752, 0.8095238208770752, 0.8095238208770752, 0.8095238208770752, 0.8095238208770752]",1,0.8095238208770752,1363.815185546875,0.8809523582458496
5,10,0.0,0.01,"[0.4358006715774536, 0.37271538376808167, 0.4452444016933441, 0.3166569173336029, 0.26096153259277344, 0.2689889073371887, 0.3262675404548645, 0.3494851291179657, 0.33390751481056213, 0.31274768710136414]","[591778.125, 309189.25, 306959.15625, 11692.3818359375, 1634.4698486328125, 4201.7626953125, 55304.1796875, 23784.96484375, 5699.31494140625, 7354.82373046875]","[0.7687074542045593, 0.8469387888908386, 0.8401360511779785, 0.8707482814788818, 0.9047619104385376, 0.9081632494926453, 0.8741496801376343, 0.8469387888908386, 0.8095238208770752, 0.8605442047119141]","[0.8095238208770752, 0.8095238208770752, 0.8095238208770752, 0.8095238208770752, 0.8095238208770752, 0.8095238208770752, 0.8095238208770752, 0.8095238208770752, 0.8095238208770752, 0.8095238208770752]",0,0.8095238208770752,4915.3154296875,0.8809523582458496
6,20,0.0,0.01,"[0.42466726899147034, 0.34127211570739746, 0.7775245904922485, 0.3358730971813202, 0.2581771910190582, 0.19842760264873505, 0.15095645189285278, 0.19114652276039124, 0.15249986946582794, 0.24180376529693604]","[10.510296821594238, 4446.4443359375, 9933.107421875, 96.57721710205078, 22.602041244506836, 18.583860397338867, 9.540929794311523, 1.6592077016830444, 8.618812561035156, 0.6192108988761902]","[0.8027210831642151, 0.8673469424247742, 0.8639456033706665, 0.8605442047119141, 0.8911564350128174, 0.9285714030265808, 0.9285714030265808, 0.9319728016853333, 0.9489796161651611, 0.918367326259613]","[0.8095238208770752, 0.8095238208770752, 0.8095238208770752, 0.8095238208770752, 0.190476194024086, 0.190476194024086, 0.190476194024086, 0.2142857164144516, 0.190476194024086, 0.7857142686843872]",0,0.8095238208770752,0.5968250632286072,0.761904776096344
7,40,0.0,0.01,"[0.35896036028862, 0.10872140526771545, 0.20024992525577545, 0.20006678998470306, 0.09155924618244171, 0.08464519679546356, 0.11090490221977234, 0.06595832854509354, 0.05007055401802063, 0.015631232410669327]","[0.6290961503982544, 1.686215877532959, 8.676673889160156, 0.5184348225593567, 0.38064974546432495, 3.097238540649414, 2.681975841522217, 1.887082576751709, 1.9935139417648315, 2.729914665222168]","[0.9013605713844299, 0.9625850319862366, 0.9319728016853333, 0.9319728016853333, 0.9727891087532043, 0.976190447807312, 0.9659863710403442, 0.976190447807312, 0.976190447807312, 1.0]","[0.8214285969734192, 0.3095238208770752, 0.2142857164144516, 0.8214285969734192, 0.8690476417541504, 0.4285714328289032, 0.6666666865348816, 0.4404761791229248, 0.5595238208770752, 0.5714285969734192]",4,0.8690476417541504,3.7997195720672607,0.380952388048172
8,0,0.0,0.05,"[1.4017598628997803, 0.6806164979934692, 0.5320669412612915, 0.6969810128211975, 1.0279468297958374, 0.5877459049224854, 0.4890955686569214, 0.46333587169647217, 0.46253111958503723, 0.522862434387207]","[1355439.625, 351279776.0, 5662910464.0, 777574528.0, 17459706.0, 107737.3125, 11801.41015625, 5485.7822265625, 120476.6171875, 998.1793823242188]","[0.7755101919174194, 0.7653061151504517, 0.8265306353569031, 0.7585033774375916, 0.7142857313156128, 0.795918345451355, 0.7993197441101074, 0.819727897644043, 0.8231292366981506, 0.8095238208770752]","[0.8095238208770752, 0.8095238208770752, 0.8095238208770752, 0.8095238208770752, 0.8095238208770752, 0.8095238208770752, 0.8095238208770752, 0.8095238208770752, 0.8095238208770752, 0.761904776096344]",0,0.8095238208770752,890.4306030273438,0.7857142686843872
9,10,0.0,0.05,"[0.9702507853507996, 0.6609910130500793, 0.5165222883224487, 0.5377643704414368, 0.4940730035305023, 0.45475083589553833, 0.45563772320747375, 0.4796668291091919, 0.4215735197067261, 0.4134371280670166]","[1263362.125, 252360.046875, 663.5550537109375, 259.92852783203125, 6.477257251739502, 129.33642578125, 6.738094329833984, 50.949249267578125, 32.528724670410156, 43.28142547607422]","[0.738095223903656, 0.8129251599311829, 0.8265306353569031, 0.8265306353569031, 0.8265306353569031, 0.819727897644043, 0.8061224222183228, 0.8231292366981506, 0.8503401279449463, 0.8299319744110107]","[0.190476194024086, 0.8095238208770752, 0.5952380895614624, 0.8095238208770752, 0.726190447807312, 0.190476194024086, 0.761904776096344, 0.8095238208770752, 0.8095238208770752, 0.8095238208770752]",1,0.8095238208770752,29.125505447387695,0.8809523582458496
10,20,0.0,0.05,"[0.8325022459030151, 0.48651060461997986, 0.42415934801101685, 0.3720938563346863, 0.402940958738327, 0.3901110291481018, 0.5653507709503174, 0.485556036233902, 0.39146894216537476, 0.3818386495113373]","[33.1180534362793, 1012.03759765625, 53.037132263183594, 4.868081092834473, 2.7183725833892822, 1.464593529701233, 5.1058349609375, 34.12782669067383, 7.195764541625977, 3.143980026245117]","[0.6904761791229248, 0.8061224222183228, 0.795918345451355, 0.8401360511779785, 0.8469387888908386, 0.819727897644043, 0.7823129296302795, 0.795918345451355, 0.8163265585899353, 0.8333333134651184]","[0.738095223903656, 0.190476194024086, 0.6428571343421936, 0.3928571343421936, 0.5357142686843872, 0.6666666865348816, 0.3333333432674408, 0.8095238208770752, 0.8095238208770752, 0.8095238208770752]",7,0.8095238208770752,1.8031622171401978,0.8809523582458496
11,40,0.0,0.05,"[0.42924973368644714, 0.3842236399650574, 0.36951977014541626, 0.33424603939056396, 0.3095555603504181, 0.46553683280944824, 0.3754979968070984, 0.30879834294319153, 0.23738116025924683, 0.34819507598876953]","[1.5700269937515259, 3.037917375564575, 4.162125587463379, 3.379537582397461, 0.9831866025924683, 8.688667297363281, 6.913707733154297, 8.20512580871582, 6.900862693786621, 2.101544141769409]","[0.795918345451355, 0.8503401279449463, 0.8367347121238708, 0.8673469424247742, 0.8673469424247742, 0.8231292366981506, 0.8639456033706665, 0.8911564350128174, 0.8911564350128174, 0.853741466999054]","[0.6904761791229248, 0.7857142686843872, 0.7976190447807312, 0.8095238208770752, 0.773809552192688, 0.8095238208770752, 0.8095238208770752, 0.8095238208770752, 0.8095238208770752, 0.8095238208770752]",3,0.8095238208770752,1.2333581447601318,0.8809523582458496
12,0,0.2,0.001,"[0.5713488459587097, 0.42785120010375977, 0.3492285907268524, 0.2966494858264923, 0.2685571610927582, 0.2594842314720154, 0.24253639578819275, 0.258404016494751, 0.23413491249084473, 0.21673272550106049]","[0.41797611117362976, 0.3243078589439392, 0.29587215185165405, 0.2862262427806854, 0.2830127477645874, 0.2786625325679779, 0.2764713168144226, 0.27503207325935364, 0.27086693048477173, 0.2591007947921753]","[0.8605442047119141, 0.8877550959587097, 0.8741496801376343, 0.8877550959587097, 0.8945578336715698, 0.884353756904602, 0.9081632494926453, 0.9047619104385376, 0.9013605713844299, 0.9251700639724731]","[0.8809523582458496, 0.9047619104385376, 0.9047619104385376, 0.9047619104385376, 0.9047619104385376, 0.9047619104385376, 0.9047619104385376, 0.9047619104385376, 0.9047619104385376, 0.9047619104385376]",1,0.9047619104385376,0.25017744302749634,0.8809523582458496
13,10,0.2,0.001,"[0.6133294105529785, 0.42299923300743103, 0.3236931562423706, 0.2816491425037384, 0.26213881373405457, 0.23407185077667236, 0.22581499814987183, 0.21504171192646027, 0.2194628268480301, 0.21691502630710602]","[0.40601611137390137, 0.2973767817020416, 0.26069071888923645, 0.24881376326084137, 0.24407240748405457, 0.24219387769699097, 0.23932316899299622, 0.23677018284797668, 0.238063246011734, 0.24159665405750275]","[0.7176870703697205, 0.918367326259613, 0.918367326259613, 0.9013605713844299, 0.918367326259613, 0.918367326259613, 0.918367326259613, 0.9251700639724731, 0.9353741407394409, 0.9285714030265808]","[0.9047619104385376, 0.9047619104385376, 0.9047619104385376, 0.9047619104385376, 0.9047619104385376, 0.9047619104385376, 0.9047619104385376, 0.9166666865348816, 0.9166666865348816, 0.8928571343421936]",7,0.9166666865348816,0.2220701277256012,0.9285714030265808
14,20,0.2,0.001,"[0.5580003261566162, 0.3590824007987976, 0.26234957575798035, 0.23574024438858032, 0.20897036790847778, 0.2132653445005417, 0.179502934217453, 0.17065741121768951, 0.18456198275089264, 0.20179720222949982]","[0.4269620478153229, 0.31258273124694824, 0.27437305450439453, 0.25650525093078613, 0.2485283613204956, 0.24526943266391754, 0.24097338318824768, 0.24054840207099915, 0.24102751910686493, 0.24293506145477295]","[0.8333333134651184, 0.9047619104385376, 0.9319728016853333, 0.9115646481513977, 0.9285714030265808, 0.9149659872055054, 0.942176878452301, 0.942176878452301, 0.9285714030265808, 0.9353741407394409]","[0.8809523582458496, 0.8928571343421936, 0.8928571343421936, 0.8928571343421936, 0.8928571343421936, 0.8928571343421936, 0.8928571343421936, 0.8928571343421936, 0.9047619104385376, 0.9047619104385376]",8,0.9047619104385376,0.23691141605377197,0.8809523582458496
15,40,0.2,0.001,"[0.5743473768234253, 0.34200358390808105, 0.24592304229736328, 0.2132420390844345, 0.20106786489486694, 0.19035758078098297, 0.18113502860069275, 0.17728157341480255, 0.16291597485542297, 0.16109967231750488]","[0.431861937046051, 0.31634998321533203, 0.273364394903183, 0.25372880697250366, 0.2460765540599823, 0.24432408809661865, 0.24302434921264648, 0.24363912642002106, 0.25148817896842957, 0.25484099984169006]","[0.7585033774375916, 0.9217687249183655, 0.9285714030265808, 0.9285714030265808, 0.9455782175064087, 0.9251700639724731, 0.9319728016853333, 0.9387755393981934, 0.9353741407394409, 0.9353741407394409]","[0.8928571343421936, 0.8809523582458496, 0.8809523582458496, 0.9047619104385376, 0.8928571343421936, 0.8809523582458496, 0.8809523582458496, 0.8928571343421936, 0.8928571343421936, 0.8809523582458496]",3,0.9047619104385376,0.22882018983364105,0.8809523582458496
16,0,0.2,0.01,"[0.255832314491272, 0.22760562598705292, 0.16696321964263916, 0.15008343756198883, 0.13088370859622955, 0.12372209131717682, 0.130575492978096, 0.1284906566143036, 0.08080870658159256, 0.0817614272236824]","[0.2599315047264099, 0.33854711055755615, 0.3249043822288513, 0.47630536556243896, 0.525236964225769, 0.4699181914329529, 0.6146589517593384, 0.5288006663322449, 0.5667420029640198, 0.5341845750808716]","[0.8469387888908386, 0.9319728016853333, 0.9285714030265808, 0.9353741407394409, 0.9591836929321289, 0.9591836929321289, 0.9455782175064087, 0.9455782175064087, 0.9659863710403442, 0.976190447807312]","[0.8690476417541504, 0.8928571343421936, 0.8809523582458496, 0.8928571343421936, 0.8809523582458496, 0.9047619104385376, 0.8571428656578064, 0.8571428656578064, 0.8809523582458496, 0.9047619104385376]",5,0.9047619104385376,0.39292657375335693,0.9047619104385376
17,10,0.2,0.01,"[0.21770785748958588, 0.07377620041370392, 0.09074264019727707, 0.1250876933336258, 0.12195353955030441, 0.06041935458779335, 0.044517822563648224, 0.042755093425512314, 0.03937206417322159, 0.029575873166322708]","[0.5073026418685913, 0.4769713580608368, 1.0919359922409058, 0.6447919607162476, 0.4916590750217438, 0.43882301449775696, 0.7140992283821106, 0.538544774055481, 0.3322092592716217, 0.39878591895103455]","[0.9047619104385376, 0.9557822942733765, 0.9659863710403442, 0.9455782175064087, 0.9693877696990967, 0.9795918464660645, 0.9795918464660645, 0.9897959232330322, 0.9863945841789246, 0.9863945841789246]","[0.9285714030265808, 0.8571428656578064, 0.8928571343421936, 0.8928571343421936, 0.9047619104385376, 0.8690476417541504, 0.738095223903656, 0.8095238208770752, 0.8928571343421936, 0.8809523582458496]",0,0.9285714030265808,0.5505281686782837,0.8571428656578064
18,20,0.2,0.01,"[0.1753065139055252, 0.03557269647717476, 0.10870424658060074, 0.05319518223404884, 0.025577399879693985, 0.04220971465110779, 0.03426896035671234, 0.03222836181521416, 0.05295025557279587, 0.15746861696243286]","[0.3269857168197632, 0.6726021766662598, 0.5161383748054504, 0.40964457392692566, 0.5866571068763733, 0.5187023282051086, 0.6581236124038696, 0.5717934370040894, 0.6199002265930176, 0.4983308017253876]","[0.9319728016853333, 0.9863945841789246, 0.976190447807312, 0.9795918464660645, 0.9965986609458923, 0.9897959232330322, 0.9931972622871399, 0.9931972622871399, 0.9829931855201721, 0.9523809552192688]","[0.8928571343421936, 0.8571428656578064, 0.8809523582458496, 0.8690476417541504, 0.8928571343421936, 0.8928571343421936, 0.9047619104385376, 0.8690476417541504, 0.8452380895614624, 0.761904776096344]",6,0.9047619104385376,0.5523654818534851,0.8095238208770752
19,40,0.2,0.01,"[0.1997986137866974, 0.0642210841178894, 0.02494717948138714, 0.019624074921011925, 0.014982406981289387, 0.02104276977479458, 0.04415816813707352, 0.037119507789611816, 0.05507374554872513, 0.018797939643263817]","[0.3206208348274231, 0.45592185854911804, 0.7274248600006104, 0.531873881816864, 0.5348160266876221, 0.4881848394870758, 0.5195742845535278, 0.506040096282959, 0.40062594413757324, 0.43748706579208374]","[0.8979591727256775, 0.9693877696990967, 0.9931972622871399, 0.9931972622871399, 0.9931972622871399, 0.9897959232330322, 0.9931972622871399, 0.9897959232330322, 0.9863945841789246, 0.9897959232330322]","[0.9166666865348816, 0.9047619104385376, 0.8809523582458496, 0.8928571343421936, 0.8928571343421936, 0.9047619104385376, 0.8214285969734192, 0.8928571343421936, 0.9047619104385376, 0.9166666865348816]",0,0.9166666865348816,0.4543583393096924,0.9047619104385376
20,0,0.2,0.05,"[0.5877670049667358, 0.374618262052536, 0.2500060796737671, 0.1911981999874115, 0.20382308959960938, 0.24214579164981842, 0.3011567294597626, 0.3269147574901581, 0.23500660061836243, 0.18866924941539764]","[0.9435182213783264, 0.33069512248039246, 0.3190387189388275, 0.6265276670455933, 0.638798177242279, 1.0337281227111816, 0.6590588688850403, 0.3049705922603607, 0.5250756144523621, 1.1077381372451782]","[0.8231292366981506, 0.8775510191917419, 0.8911564350128174, 0.9115646481513977, 0.918367326259613, 0.9081632494926453, 0.8945578336715698, 0.9149659872055054, 0.9217687249183655, 0.9285714030265808]","[0.75, 0.8809523582458496, 0.8690476417541504, 0.8214285969734192, 0.8809523582458496, 0.8452380895614624, 0.75, 0.8571428656578064, 0.8690476417541504, 0.8452380895614624]",1,0.8809523582458496,0.4624900817871094,0.8571428656578064
21,10,0.2,0.05,"[0.4837598204612732, 0.294178307056427, 0.36367878317832947, 0.2966214418411255, 0.315365195274353, 0.25895655155181885, 0.14861786365509033, 0.22373194992542267, 0.22743551433086395, 0.2175106257200241]","[3.9768519401550293, 3.3163561820983887, 2.8880069255828857, 1.9198403358459473, 1.6186274290084839, 3.5225162506103516, 1.944065809249878, 1.8760677576065063, 3.159299612045288, 1.7799673080444336]","[0.884353756904602, 0.9115646481513977, 0.884353756904602, 0.8945578336715698, 0.8979591727256775, 0.9149659872055054, 0.942176878452301, 0.9047619104385376, 0.9217687249183655, 0.9251700639724731]","[0.8095238208770752, 0.8095238208770752, 0.8095238208770752, 0.8095238208770752, 0.8095238208770752, 0.8095238208770752, 0.8095238208770752, 0.8095238208770752, 0.8095238208770752, 0.8095238208770752]",0,0.8095238208770752,1.2477712631225586,0.8809523582458496
22,20,0.2,0.05,"[0.2516177296638489, 0.6070910096168518, 0.5221830010414124, 0.2920261025428772, 0.21374765038490295, 0.10373633354902267, 0.09261633455753326, 0.08814218640327454, 0.17985005676746368, 0.29292964935302734]","[2.7399494647979736, 3.234086513519287, 2.4573934078216553, 4.889811992645264, 2.2401936054229736, 2.9718363285064697, 0.8483274579048157, 0.635455846786499, 0.5772322416305542, 0.46473848819732666]","[0.8911564350128174, 0.8639456033706665, 0.8775510191917419, 0.9115646481513977, 0.9217687249183655, 0.9625850319862366, 0.9625850319862366, 0.9795918464660645, 0.942176878452301, 0.8979591727256775]","[0.7976190447807312, 0.8214285969734192, 0.8095238208770752, 0.8095238208770752, 0.8095238208770752, 0.8095238208770752, 0.8333333134651184, 0.8333333134651184, 0.8452380895614624, 0.9047619104385376]",9,0.9047619104385376,0.500329852104187,0.8333333134651184
23,40,0.2,0.05,"[0.1933985948562622, 0.20602047443389893, 0.19364777207374573, 0.16067011654376984, 0.17571361362934113, 0.17361873388290405, 0.3781016767024994, 0.23924893140792847, 0.23137781023979187, 0.1089816465973854]","[0.6674911975860596, 0.9057586193084717, 1.5492675304412842, 0.6520541310310364, 0.9185185432434082, 2.440140724182129, 0.5967631936073303, 0.7351281046867371, 1.9354956150054932, 2.3340234756469727]","[0.9217687249183655, 0.9557822942733765, 0.9727891087532043, 0.9557822942733765, 0.9353741407394409, 0.9659863710403442, 0.9217687249183655, 0.9217687249183655, 0.9251700639724731, 0.9727891087532043]","[0.8928571343421936, 0.8928571343421936, 0.8690476417541504, 0.8928571343421936, 0.9166666865348816, 0.8452380895614624, 0.8690476417541504, 0.8333333134651184, 0.8095238208770752, 0.8333333134651184]",4,0.9166666865348816,1.8972418308258057,0.9285714030265808
24,0,0.4,0.001,"[0.554472804069519, 0.298980712890625, 0.1994616985321045, 0.15457451343536377, 0.12237473577260971, 0.09876900911331177, 0.08382568508386612, 0.07663372904062271, 0.08810355514287949, 0.05589182674884796]","[0.310656875371933, 0.3069746792316437, 0.30605241656303406, 0.28547540307044983, 0.2694742679595947, 0.23223234713077545, 0.21541687846183777, 0.19755089282989502, 0.2129010409116745, 0.21677836775779724]","[0.8299319744110107, 0.9489796161651611, 0.9693877696990967, 0.9591836929321289, 0.9795918464660645, 0.9863945841789246, 0.9829931855201721, 0.9863945841789246, 0.9829931855201721, 0.9897959232330322]","[0.8452380895614624, 0.8571428656578064, 0.8809523582458496, 0.8928571343421936, 0.8928571343421936, 0.9166666865348816, 0.9166666865348816, 0.9285714030265808, 0.9285714030265808, 0.9047619104385376]",7,0.9285714030265808,0.16294001042842865,0.9523809552192688
25,10,0.4,0.001,"[0.4639430046081543, 0.237544983625412, 0.15100470185279846, 0.09978543967008591, 0.07450895011425018, 0.05920270085334778, 0.053988970816135406, 0.047694504261016846, 0.04552273079752922, 0.03669453784823418]","[0.2857285141944885, 0.1931351274251938, 0.1591256558895111, 0.13908398151397705, 0.130158469080925, 0.1270209103822708, 0.12468142807483673, 0.12302103638648987, 0.1218089610338211, 0.12324131280183792]","[0.9285714030265808, 0.9727891087532043, 0.9863945841789246, 0.9863945841789246, 0.9863945841789246, 0.9897959232330322, 0.9897959232330322, 0.9931972622871399, 0.9931972622871399, 0.9897959232330322]","[0.9285714030265808, 0.9285714030265808, 0.9404761791229248, 0.9642857313156128, 0.9404761791229248, 0.9404761791229248, 0.9404761791229248, 0.9404761791229248, 0.9404761791229248, 0.9404761791229248]",3,0.9642857313156128,0.19426102936267853,0.8571428656578064
26,20,0.4,0.001,"[0.4661425054073334, 0.2017698436975479, 0.12234462052583694, 0.0904543474316597, 0.06382962316274643, 0.05063185840845108, 0.05345750227570534, 0.045294973999261856, 0.038478270173072815, 0.03154124319553375]","[0.32927650213241577, 0.2133532464504242, 0.16919811069965363, 0.15273891389369965, 0.14475175738334656, 0.1402471959590912, 0.1343587189912796, 0.13154199719429016, 0.1316726803779602, 0.12854096293449402]","[0.942176878452301, 0.9897959232330322, 0.9795918464660645, 0.9829931855201721, 0.9931972622871399, 0.9931972622871399, 0.9863945841789246, 0.9965986609458923, 0.9931972622871399, 0.9965986609458923]","[0.9285714030265808, 0.9404761791229248, 0.9404761791229248, 0.9404761791229248, 0.9404761791229248, 0.9523809552192688, 0.9523809552192688, 0.9523809552192688, 0.9523809552192688, 0.9404761791229248]",5,0.9523809552192688,0.24196140468120575,0.8809523582458496
27,40,0.4,0.001,"[0.36270126700401306, 0.14955978095531464, 0.09094691276550293, 0.06097351014614105, 0.04933549836277962, 0.04504897817969322, 0.04006797820329666, 0.03232773765921593, 0.021420439705252647, 0.023803051561117172]","[0.28043055534362793, 0.18795540928840637, 0.15565960109233856, 0.14128702878952026, 0.13872893154621124, 0.1410866379737854, 0.13871526718139648, 0.1374618113040924, 0.13440397381782532, 0.13258616626262665]","[0.9693877696990967, 0.9897959232330322, 0.9863945841789246, 0.9931972622871399, 0.9931972622871399, 0.9931972622871399, 0.9863945841789246, 0.9965986609458923, 0.9965986609458923, 0.9931972622871399]","[0.9285714030265808, 0.9404761791229248, 0.9404761791229248, 0.9404761791229248, 0.9404761791229248, 0.9404761791229248, 0.9404761791229248, 0.9404761791229248, 0.9404761791229248, 0.9404761791229248]",1,0.9404761791229248,0.2450554221868515,0.9047619104385376
28,0,0.4,0.01,"[0.153874009847641, 0.01852123998105526, 0.026020755991339684, 0.024019572883844376, 0.007449308875948191, 0.02154909074306488, 0.006750117987394333, 0.004798263777047396, 0.010076679289340973, 0.0028527763206511736]","[0.15689577162265778, 0.21927474439144135, 0.2277112454175949, 0.24609006941318512, 0.26322227716445923, 0.26520687341690063, 0.23278267681598663, 0.24143703281879425, 0.2589022219181061, 0.28116917610168457]","[0.884353756904602, 0.9897959232330322, 0.9863945841789246, 0.9965986609458923, 1.0, 0.9931972622871399, 1.0, 1.0, 0.9965986609458923, 1.0]","[0.9523809552192688, 0.9285714030265808, 0.9404761791229248, 0.9166666865348816, 0.9166666865348816, 0.9285714030265808, 0.9285714030265808, 0.9404761791229248, 0.9404761791229248, 0.9404761791229248]",0,0.9523809552192688,0.43729671835899353,0.9047619104385376
29,10,0.4,0.01,"[0.12720942497253418, 0.004445450846105814, 0.0011842005187645555, 0.002102137543261051, 0.004261707421392202, 0.0018137734150514007, 0.006960305385291576, 0.06598731130361557, 0.005709891207516193, 0.00410105986520648]","[0.2598724663257599, 0.3081884980201721, 0.2971727252006531, 0.3477213978767395, 0.5017072558403015, 0.6180778741836548, 0.32051795721054077, 0.583983838558197, 0.7767632007598877, 0.7006409168243408]","[0.9625850319862366, 0.9965986609458923, 1.0, 1.0, 0.9965986609458923, 1.0, 0.9965986609458923, 0.9795918464660645, 1.0, 1.0]","[0.9285714030265808, 0.9166666865348816, 0.9285714030265808, 0.9285714030265808, 0.9285714030265808, 0.9047619104385376, 0.9523809552192688, 0.8809523582458496, 0.8571428656578064, 0.8809523582458496]",6,0.9523809552192688,0.32740700244903564,0.9285714030265808
30,20,0.4,0.01,"[0.12617722153663635, 0.006299569271504879, 0.0007956824847497046, 0.0008264759089797735, 0.0052358186803758144, 0.0006540933391079307, 0.0006378703401423991, 0.006036681588739157, 0.00981199275702238, 0.004018142819404602]","[0.7095534205436707, 0.7404115200042725, 0.49457621574401855, 0.4172171652317047, 0.24963811039924622, 0.2559329569339752, 0.25707367062568665, 0.7623192667961121, 0.623420000076294, 0.5763782858848572]","[0.9013605713844299, 1.0, 1.0, 1.0, 0.9965986609458923, 1.0, 1.0, 0.9965986609458923, 0.9965986609458923, 0.9965986609458923]","[0.8690476417541504, 0.8809523582458496, 0.9047619104385376, 0.9166666865348816, 0.9404761791229248, 0.9285714030265808, 0.9285714030265808, 0.8690476417541504, 0.8809523582458496, 0.9047619104385376]",4,0.9404761791229248,0.5568521022796631,0.9047619104385376
31,40,0.4,0.01,"[0.10985817015171051, 0.0024052648805081844, 0.0009400289854966104, 0.0012847651960328221, 0.0001897256588563323, 0.0012053363025188446, 0.0005044096033088863, 0.0242898128926754, 0.006692072376608849, 0.0364164337515831]","[0.4854896664619446, 0.34230735898017883, 0.23173688352108002, 0.2805492877960205, 0.36695387959480286, 0.4762369692325592, 0.40509334206581116, 0.8636561036109924, 0.5439669489860535, 0.7092277407646179]","[0.9727891087532043, 1.0, 1.0, 1.0, 1.0, 1.0, 1.0, 0.9931972622871399, 1.0, 0.9897959232330322]","[0.9047619104385376, 0.9166666865348816, 0.9166666865348816, 0.9285714030265808, 0.9166666865348816, 0.9047619104385376, 0.9166666865348816, 0.8571428656578064, 0.9047619104385376, 0.8928571343421936]",3,0.9285714030265808,0.4411548376083374,0.9047619104385376
32,0,0.4,0.05,"[0.39546072483062744, 0.06386429816484451, 0.051832836121320724, 0.012427396140992641, 0.038841404020786285, 0.10384462028741837, 0.031833697110414505, 0.05714254826307297, 0.07871059328317642, 0.017870305106043816]","[1.7786881923675537, 2.326345205307007, 2.492678642272949, 1.512791633605957, 1.8508260250091553, 0.3010936379432678, 0.41207000613212585, 1.0912071466445923, 1.8307665586471558, 2.2483417987823486]","[0.9285714030265808, 0.9829931855201721, 0.9897959232330322, 0.9965986609458923, 0.9897959232330322, 0.9829931855201721, 0.9931972622871399, 0.9897959232330322, 0.976190447807312, 0.9897959232330322]","[0.75, 0.8214285969734192, 0.8214285969734192, 0.8571428656578064, 0.8452380895614624, 0.9523809552192688, 0.9404761791229248, 0.9166666865348816, 0.9166666865348816, 0.9166666865348816]",5,0.9523809552192688,0.9369081854820251,0.9285714030265808
33,10,0.4,0.05,"[0.1882118433713913, 0.21863321959972382, 0.6458223462104797, 0.32997411489486694, 0.12138989567756653, 0.04579278081655502, 0.06100202351808548, 0.10221885144710541, 0.06594293564558029, 0.0439242422580719]","[2.223297357559204, 3.2455430030822754, 2.22177791595459, 4.064316749572754, 2.9811670780181885, 2.0763421058654785, 5.003066062927246, 3.9188766479492188, 3.442931652069092, 1.891211748123169]","[0.8911564350128174, 0.9727891087532043, 0.9013605713844299, 0.9217687249183655, 0.9489796161651611, 0.9829931855201721, 0.9795918464660645, 0.9659863710403442, 0.9829931855201721, 0.976190447807312]","[0.8928571343421936, 0.8690476417541504, 0.9047619104385376, 0.8571428656578064, 0.8333333134651184, 0.8333333134651184, 0.8214285969734192, 0.8333333134651184, 0.8095238208770752, 0.8690476417541504]",2,0.9047619104385376,0.8658088445663452,0.9047619104385376
34,20,0.4,0.05,"[0.12972421944141388, 0.23965007066726685, 0.15886206924915314, 0.22315825521945953, 0.066193126142025, 0.04579130932688713, 0.024344798177480698, 0.009827847592532635, 0.014731225557625294, 0.09451033174991608]","[4.260087490081787, 7.998332500457764, 1.4828639030456543, 1.6012083292007446, 2.005685806274414, 1.2190884351730347, 1.074174165725708, 1.2633577585220337, 0.6405630707740784, 1.8641960620880127]","[0.9081632494926453, 0.9659863710403442, 0.9659863710403442, 0.9489796161651611, 0.9727891087532043, 0.9795918464660645, 0.9863945841789246, 0.9965986609458923, 0.9931972622871399, 0.9659863710403442]","[0.8333333134651184, 0.8095238208770752, 0.8333333134651184, 0.7857142686843872, 0.8214285969734192, 0.8095238208770752, 0.8571428656578064, 0.8809523582458496, 0.9166666865348816, 0.8928571343421936]",8,0.9166666865348816,1.6847699880599976,0.9285714030265808
35,40,0.4,0.05,"[0.10251559317111969, 0.19125306606292725, 0.1854008436203003, 0.1367219239473343, 0.0650193840265274, 0.05075543373823166, 0.021108809858560562, 0.01857895776629448, 0.011986104771494865, 0.03897008299827576]","[6.804662704467773, 1.7737386226654053, 2.111778736114502, 0.864578127861023, 1.8335164785385132, 1.7884047031402588, 1.487213134765625, 1.013482689857483, 0.9212436676025391, 0.7995818853378296]","[0.976190447807312, 0.9795918464660645, 0.9591836929321289, 0.976190447807312, 0.9727891087532043, 0.9829931855201721, 0.9897959232330322, 0.9931972622871399, 0.9931972622871399, 0.9863945841789246]","[0.8095238208770752, 0.8333333134651184, 0.8571428656578064, 0.9166666865348816, 0.8690476417541504, 0.9285714030265808, 0.9285714030265808, 0.9404761791229248, 0.9166666865348816, 0.9285714030265808]",7,0.9404761791229248,0.7317166924476624,0.9047619104385376
